[{"name":"nome1","nickname":"nickname1","score":"100"},{"name":"nome2","nickname":"nickname2","score":"123"},{"name":"nome3","nickname":"nickname3","score":"900"},{"name":"Tatta","nickname":"Kella","score":"500"},{"name":"R1","nickname":"R2","score":"11"},{"name":"Fre","nickname":"Gtu","score":"565"},{"name":"reeeeeeeee","nickname":"rrrrrrrrrr","score":"989"},{"name":"Fedee","nickname":"Tadidi","score":"327"},{"name":"marco","nickname":"prof","score":"100"},{"name":"Tonio","nickname":"Formaggio","score":"89"},{"name":"eee","nickname":"aaa","score":"333"},{"name":"ta","nickname":"te","score":"2"},{"name":"Ale","nickname":"Caiafa","score":"3"},{"name":"prova","nickname":"arra","score":"232"},{"name":"prova","nickname":"arra","score":"232"},{"name":"prova","nickname":"arra","score":"232"},{"name":"erer","nickname":"ere","score":"22"},{"name":"simone","nickname":"bellons","score":"343"},{"name":"s","nickname":"b","score":"1"},{"name":"xcsa","nickname":"xas","score":"xa"},{"name":"simone","nickname":"bellone","score":"10"},{"name":"g","nickname":"s","score":"1"},{"name":"a","nickname":"s","score":"s"},{"name":"simo","nickname":"bb","score":"12"},{"name":"simo","nickname":"bb","score":"12"},{"name":"WSIMO","nickname":"SA","score":"123"},{"name":"s","nickname":"b","score":"1"},{"name":"dy","nickname":"yjd","score":"656"}]